{
  "overall_accuracy": 0.6895424836601307,
  "bbox_mae": 0.05879841579331292,
  "per_class_accuracy": {
    "AR": 0.5849056603773585,
    "MR": 0.8245614035087719,
    "PR": 0.7132867132867133,
    "TR": 0.0
  },
  "confusion_matrix": [
    [
      62,
      32,
      12,
      0
    ],
    [
      8,
      47,
      2,
      0
    ],
    [
      5,
      36,
      102,
      0
    ],
    [
      0,
      0,
      0,
      0
    ]
  ],
  "total_samples": 306
}