{
  "overall_accuracy": 0.545751633986928,
  "bbox_mae": 0.059001255950896565,
  "per_class_accuracy": {
    "AR": 0.0660377358490566,
    "MR": 0.5964912280701754,
    "PR": 0.8811188811188811,
    "TR": 0.0
  },
  "confusion_matrix": [
    [
      7,
      77,
      22,
      0
    ],
    [
      0,
      34,
      23,
      0
    ],
    [
      0,
      17,
      126,
      0
    ],
    [
      0,
      0,
      0,
      0
    ]
  ],
  "total_samples": 306
}